,filename,date,label,imagedata
0,2021-07-13T01%3A55%3A04_rpi_sensor_3_front_0.jpg,2021-07-1,0,
1,2021-07-13T03%3A04%3A54_rpi_sensor_3_front_0.jpg,2021-07-1,0,
2,2021-07-13T03%3A10%3A04_rpi_sensor_3_front_0.jpg,2021-07-1,0,
3,2021-07-13T03%3A15%3A04_rpi_sensor_3_front_0.jpg,2021-07-1,0,
4,2021-07-13T03%3A16%3A04_rpi_sensor_3_front_0.jpg,2021-07-1,0,
5,2021-07-13T03%3A18%3A04_rpi_sensor_3_front_0.jpg,2021-07-1,0,
6,2021-07-13T03%3A20%3A04_rpi_sensor_3_front_0.jpg,2021-07-1,0,
7,2021-07-13T03%3A36%3A04_rpi_sensor_3_front_0.jpg,2021-07-1,0,
8,2021-07-13T03%3A38%3A04_rpi_sensor_3_front_0.jpg,2021-07-1,0,
9,2021-07-13T03%3A40%3A04_rpi_sensor_3_front_0.jpg,2021-07-1,0,
10,2021-07-13T03%3A42%3A03_rpi_sensor_3_front_0.jpg,2021-07-1,0,
11,2021-07-13T03%3A44%3A04_rpi_sensor_3_front_0.jpg,2021-07-1,0,
12,2021-07-13T03%3A46%3A04_rpi_sensor_3_front_0.jpg,2021-07-1,0,
13,2021-07-13T03%3A48%3A04_rpi_sensor_3_front_0.jpg,2021-07-1,0,
14,2021-07-13T03%3A50%3A04_rpi_sensor_3_front_0.jpg,2021-07-1,0,
15,2021-07-13T03%3A52%3A04_rpi_sensor_3_front_0.jpg,2021-07-1,0,
16,2021-07-13T03%3A54%3A04_rpi_sensor_3_front_0.jpg,2021-07-1,0,
17,2021-07-13T03%3A56%3A04_rpi_sensor_3_front_0.jpg,2021-07-1,0,
18,2021-07-13T03%3A58%3A04_rpi_sensor_3_front_0.jpg,2021-07-1,0,
19,2021-07-13T04%3A00%3A04_rpi_sensor_3_front_0.jpg,2021-07-1,0,
20,2021-07-13T04%3A14%3A04_rpi_sensor_3_front_0.jpg,2021-07-1,0,
21,2021-07-13T04%3A18%3A04_rpi_sensor_3_front_0.jpg,2021-07-1,0,
22,2021-07-13T04%3A20%3A03_rpi_sensor_3_front_0.jpg,2021-07-1,0,
23,2021-07-13T04%3A22%3A04_rpi_sensor_3_front_0.jpg,2021-07-1,0,
24,2021-07-13T04%3A24%3A04_rpi_sensor_3_front_0.jpg,2021-07-1,0,
25,2021-07-13T04%3A26%3A04_rpi_sensor_3_front_0.jpg,2021-07-1,0,
26,2021-07-13T04%3A28%3A04_rpi_sensor_3_front_0.jpg,2021-07-1,0,
27,2021-07-13T04%3A30%3A04_rpi_sensor_3_front_0.jpg,2021-07-1,0,
28,2021-07-13T04%3A32%3A04_rpi_sensor_3_front_0.jpg,2021-07-1,0,
29,2021-07-13T04%3A34%3A04_rpi_sensor_3_front_0.jpg,2021-07-1,0,
30,2021-07-13T04%3A36%3A04_rpi_sensor_3_front_0.jpg,2021-07-1,0,
31,2021-07-13T04%3A38%3A04_rpi_sensor_3_front_0.jpg,2021-07-1,0,
32,2021-07-13T04%3A40%3A04_rpi_sensor_3_front_0.jpg,2021-07-1,0,
33,2021-07-13T04%3A42%3A04_rpi_sensor_3_front_0.jpg,2021-07-1,0,
34,2021-07-13T04%3A44%3A04_rpi_sensor_3_front_0.jpg,2021-07-1,0,
35,2021-07-13T04%3A46%3A04_rpi_sensor_3_front_0.jpg,2021-07-1,0,
36,2021-07-13T04%3A48%3A04_rpi_sensor_3_front_0.jpg,2021-07-1,0,
37,2021-07-13T04%3A50%3A04_rpi_sensor_3_front_0.jpg,2021-07-1,0,
38,2021-07-13T04%3A52%3A03_rpi_sensor_3_front_0.jpg,2021-07-1,0,
39,2021-07-13T04%3A54%3A03_rpi_sensor_3_front_0.jpg,2021-07-1,0,
40,2021-07-13T04%3A56%3A04_rpi_sensor_3_front_0.jpg,2021-07-1,0,
41,2021-07-13T04%3A58%3A04_rpi_sensor_3_front_0.jpg,2021-07-1,0,
42,2021-07-13T05%3A00%3A04_rpi_sensor_3_front_0.jpg,2021-07-1,0,
43,2021-07-13T05%3A08%3A04_rpi_sensor_3_front_0.jpg,2021-07-1,0,
44,2021-07-13T05%3A10%3A04_rpi_sensor_3_front_0.jpg,2021-07-1,0,
45,2021-07-13T05%3A12%3A04_rpi_sensor_3_front_0.jpg,2021-07-1,0,
46,2021-07-13T05%3A14%3A04_rpi_sensor_3_front_0.jpg,2021-07-1,0,
47,2021-07-13T05%3A16%3A04_rpi_sensor_3_front_0.jpg,2021-07-1,0,
48,2021-07-13T05%3A18%3A04_rpi_sensor_3_front_0.jpg,2021-07-1,0,
49,2021-07-13T05%3A20%3A04_rpi_sensor_3_front_0.jpg,2021-07-1,0,
50,2021-07-13T05%3A22%3A04_rpi_sensor_3_front_0.jpg,2021-07-1,0,
51,2021-07-13T05%3A24%3A04_rpi_sensor_3_front_0.jpg,2021-07-1,0,
52,2021-07-13T06%3A10%3A04_rpi_sensor_3_front_0.jpg,2021-07-1,0,
53,2021-07-13T06%3A12%3A03_rpi_sensor_3_front_0.jpg,2021-07-1,0,
54,2021-07-13T06%3A14%3A04_rpi_sensor_3_front_0.jpg,2021-07-1,0,
55,2021-07-13T06%3A32%3A04_rpi_sensor_3_front_0.jpg,2021-07-1,0,
56,2021-07-13T06%3A34%3A04_rpi_sensor_3_front_0.jpg,2021-07-1,0,
57,2021-07-13T06%3A36%3A04_rpi_sensor_3_front_0.jpg,2021-07-1,0,
58,2021-07-13T06%3A38%3A04_rpi_sensor_3_front_0.jpg,2021-07-1,0,
59,2021-07-13T06%3A40%3A04_rpi_sensor_3_front_0.jpg,2021-07-1,0,
60,2021-07-13T06%3A42%3A04_rpi_sensor_3_front_0.jpg,2021-07-1,0,
61,2021-07-13T06%3A56%3A04_rpi_sensor_3_front_0.jpg,2021-07-1,0,
62,2021-07-13T06%3A58%3A04_rpi_sensor_3_front_0.jpg,2021-07-1,0,
63,2021-07-13T07%3A00%3A04_rpi_sensor_3_front_0.jpg,2021-07-1,0,
64,2021-07-13T07%3A02%3A04_rpi_sensor_3_front_0.jpg,2021-07-1,0,
65,2021-07-13T07%3A10%3A04_rpi_sensor_3_front_0.jpg,2021-07-1,0,
66,2021-07-13T07%3A12%3A04_rpi_sensor_3_front_0.jpg,2021-07-1,0,
67,2021-07-13T07%3A14%3A04_rpi_sensor_3_front_0.jpg,2021-07-1,0,
68,2021-07-13T07%3A16%3A04_rpi_sensor_3_front_0.jpg,2021-07-1,0,
69,2021-07-13T07%3A18%3A04_rpi_sensor_3_front_0.jpg,2021-07-1,0,
70,2021-07-13T07%3A20%3A04_rpi_sensor_3_front_0.jpg,2021-07-1,0,
71,2021-07-13T07%3A22%3A04_rpi_sensor_3_front_0.jpg,2021-07-1,0,
72,2021-07-13T07%3A24%3A04_rpi_sensor_3_front_0.jpg,2021-07-1,0,
73,2021-07-13T07%3A26%3A04_rpi_sensor_3_front_0.jpg,2021-07-1,0,
74,2021-07-13T07%3A28%3A04_rpi_sensor_3_front_0.jpg,2021-07-1,0,
75,2021-07-13T07%3A30%3A04_rpi_sensor_3_front_0.jpg,2021-07-1,0,
76,2021-07-13T07%3A32%3A04_rpi_sensor_3_front_0.jpg,2021-07-1,0,
77,2021-07-13T07%3A34%3A04_rpi_sensor_3_front_0.jpg,2021-07-1,0,
78,2021-07-13T07%3A36%3A04_rpi_sensor_3_front_0.jpg,2021-07-1,0,
79,2021-07-13T07%3A38%3A04_rpi_sensor_3_front_0.jpg,2021-07-1,0,
80,2021-07-13T07%3A40%3A04_rpi_sensor_3_front_0.jpg,2021-07-1,0,
81,2021-07-13T07%3A42%3A04_rpi_sensor_3_front_0.jpg,2021-07-1,0,
82,2021-07-13T07%3A44%3A04_rpi_sensor_3_front_0.jpg,2021-07-1,0,
83,2021-07-13T07%3A46%3A04_rpi_sensor_3_front_0.jpg,2021-07-1,0,
84,2021-07-13T07%3A48%3A04_rpi_sensor_3_front_0.jpg,2021-07-1,0,
85,2021-07-13T07%3A50%3A04_rpi_sensor_3_front_0.jpg,2021-07-1,0,
86,2021-07-13T07%3A52%3A04_rpi_sensor_3_front_0.jpg,2021-07-1,0,
87,2021-07-13T07%3A54%3A04_rpi_sensor_3_front_0.jpg,2021-07-1,0,
88,2021-07-13T07%3A56%3A04_rpi_sensor_3_front_0.jpg,2021-07-1,0,
89,2021-07-13T07%3A58%3A04_rpi_sensor_3_front_0.jpg,2021-07-1,0,
90,2021-07-13T08%3A00%3A03_rpi_sensor_3_front_0.jpg,2021-07-1,0,
91,2021-07-13T08%3A02%3A04_rpi_sensor_3_front_0.jpg,2021-07-1,0,
92,2021-07-13T08%3A04%3A04_rpi_sensor_3_front_0.jpg,2021-07-1,0,
93,2021-07-13T08%3A06%3A04_rpi_sensor_3_front_0.jpg,2021-07-1,0,
94,2021-07-13T08%3A08%3A03_rpi_sensor_3_front_0.jpg,2021-07-1,0,
95,2021-07-13T08%3A10%3A03_rpi_sensor_3_front_0.jpg,2021-07-1,0,
96,2021-07-13T08%3A12%3A04_rpi_sensor_3_front_0.jpg,2021-07-1,0,
97,2021-07-13T08%3A14%3A04_rpi_sensor_3_front_0.jpg,2021-07-1,0,
98,2021-07-13T08%3A16%3A04_rpi_sensor_3_front_0.jpg,2021-07-1,0,
99,2021-07-13T08%3A18%3A04_rpi_sensor_3_front_0.jpg,2021-07-1,0,
100,2021-07-13T08%3A20%3A04_rpi_sensor_3_front_0.jpg,2021-07-1,0,
101,2021-07-13T08%3A22%3A04_rpi_sensor_3_front_0.jpg,2021-07-1,0,
102,2021-07-13T08%3A24%3A04_rpi_sensor_3_front_0.jpg,2021-07-1,0,
103,2021-07-13T08%3A26%3A04_rpi_sensor_3_front_0.jpg,2021-07-1,0,
104,2021-07-13T08%3A28%3A04_rpi_sensor_3_front_0.jpg,2021-07-1,0,
105,2021-07-13T08%3A30%3A04_rpi_sensor_3_front_0.jpg,2021-07-1,0,
106,2021-07-13T08%3A32%3A04_rpi_sensor_3_front_0.jpg,2021-07-1,0,
107,2021-07-13T08%3A34%3A04_rpi_sensor_3_front_0.jpg,2021-07-1,0,
108,2021-07-13T08%3A36%3A04_rpi_sensor_3_front_0.jpg,2021-07-1,0,
109,2021-07-13T08%3A38%3A04_rpi_sensor_3_front_0.jpg,2021-07-1,0,
110,2021-07-13T08%3A40%3A04_rpi_sensor_3_front_0.jpg,2021-07-1,0,
111,2021-07-13T08%3A42%3A04_rpi_sensor_3_front_0.jpg,2021-07-1,0,
112,2021-07-13T08%3A44%3A04_rpi_sensor_3_front_0.jpg,2021-07-1,0,
113,2021-07-13T09%3A04%3A04_rpi_sensor_3_front_0.jpg,2021-07-1,0,
114,2021-07-13T09%3A06%3A04_rpi_sensor_3_front_0.jpg,2021-07-1,0,
115,2021-07-13T09%3A08%3A04_rpi_sensor_3_front_0.jpg,2021-07-1,0,
116,2021-07-13T09%3A10%3A04_rpi_sensor_3_front_0.jpg,2021-07-1,0,
117,2021-07-13T09%3A12%3A04_rpi_sensor_3_front_0.jpg,2021-07-1,0,
118,2021-07-13T09%3A14%3A03_rpi_sensor_3_front_0.jpg,2021-07-1,0,
119,2021-07-13T09%3A16%3A03_rpi_sensor_3_front_0.jpg,2021-07-1,0,
120,2021-07-13T09%3A18%3A04_rpi_sensor_3_front_0.jpg,2021-07-1,0,
121,2021-07-13T09%3A20%3A04_rpi_sensor_3_front_0.jpg,2021-07-1,0,
122,2021-07-13T09%3A22%3A04_rpi_sensor_3_front_0.jpg,2021-07-1,0,
123,2021-07-13T09%3A24%3A04_rpi_sensor_3_front_0.jpg,2021-07-1,0,
124,2021-07-13T09%3A26%3A04_rpi_sensor_3_front_0.jpg,2021-07-1,0,
125,2021-07-13T09%3A28%3A04_rpi_sensor_3_front_0.jpg,2021-07-1,0,
126,2021-07-13T09%3A30%3A04_rpi_sensor_3_front_0.jpg,2021-07-1,0,
127,2021-07-13T09%3A32%3A04_rpi_sensor_3_front_0.jpg,2021-07-1,0,
128,2021-07-13T09%3A34%3A04_rpi_sensor_3_front_0.jpg,2021-07-1,0,
129,2021-07-13T09%3A36%3A04_rpi_sensor_3_front_0.jpg,2021-07-1,0,
130,2021-07-13T09%3A38%3A04_rpi_sensor_3_front_0.jpg,2021-07-1,0,
131,2021-07-13T09%3A40%3A04_rpi_sensor_3_front_0.jpg,2021-07-1,0,
132,2021-07-13T09%3A42%3A04_rpi_sensor_3_front_0.jpg,2021-07-1,0,
133,2021-07-13T09%3A44%3A04_rpi_sensor_3_front_0.jpg,2021-07-1,0,
134,2021-07-13T09%3A46%3A04_rpi_sensor_3_front_0.jpg,2021-07-1,0,
135,2021-07-13T09%3A48%3A04_rpi_sensor_3_front_0.jpg,2021-07-1,0,
136,2021-07-13T09%3A50%3A04_rpi_sensor_3_front_0.jpg,2021-07-1,0,
137,2021-07-13T09%3A52%3A04_rpi_sensor_3_front_0.jpg,2021-07-1,0,
138,2021-07-13T09%3A54%3A04_rpi_sensor_3_front_0.jpg,2021-07-1,0,
139,2021-07-13T09%3A56%3A04_rpi_sensor_3_front_0.jpg,2021-07-1,0,
140,2021-07-13T09%3A58%3A03_rpi_sensor_3_front_0.jpg,2021-07-1,0,
141,2021-07-13T10%3A00%3A04_rpi_sensor_3_front_0.jpg,2021-07-1,0,
142,2021-07-13T10%3A02%3A04_rpi_sensor_3_front_0.jpg,2021-07-1,0,
143,2021-07-13T10%3A04%3A04_rpi_sensor_3_front_0.jpg,2021-07-1,0,
144,2021-07-13T10%3A06%3A04_rpi_sensor_3_front_0.jpg,2021-07-1,0,
145,2021-07-13T10%3A08%3A04_rpi_sensor_3_front_0.jpg,2021-07-1,0,
146,2021-07-13T10%3A10%3A04_rpi_sensor_3_front_0.jpg,2021-07-1,0,
147,2021-07-13T10%3A12%3A04_rpi_sensor_3_front_0.jpg,2021-07-1,0,
148,2021-07-13T10%3A14%3A04_rpi_sensor_3_front_0.jpg,2021-07-1,0,
149,2021-07-13T10%3A16%3A04_rpi_sensor_3_front_0.jpg,2021-07-1,0,
150,2021-07-13T10%3A18%3A04_rpi_sensor_3_front_0.jpg,2021-07-1,0,
151,2021-07-13T10%3A20%3A04_rpi_sensor_3_front_0.jpg,2021-07-1,0,
152,2021-07-13T10%3A22%3A04_rpi_sensor_3_front_0.jpg,2021-07-1,0,
153,2021-07-13T10%3A24%3A04_rpi_sensor_3_front_0.jpg,2021-07-1,0,
154,2021-07-13T10%3A26%3A04_rpi_sensor_3_front_0.jpg,2021-07-1,0,
155,2021-07-13T10%3A28%3A04_rpi_sensor_3_front_0.jpg,2021-07-1,0,
156,2021-07-13T10%3A30%3A03_rpi_sensor_3_front_0.jpg,2021-07-1,0,
157,2021-07-13T10%3A32%3A04_rpi_sensor_3_front_0.jpg,2021-07-1,0,
158,2021-07-13T10%3A34%3A04_rpi_sensor_3_front_0.jpg,2021-07-1,0,
159,2021-07-13T10%3A36%3A04_rpi_sensor_3_front_0.jpg,2021-07-1,0,
160,2021-07-13T10%3A38%3A04_rpi_sensor_3_front_0.jpg,2021-07-1,0,
161,2021-07-13T10%3A40%3A04_rpi_sensor_3_front_0.jpg,2021-07-1,0,
162,2021-07-13T10%3A42%3A04_rpi_sensor_3_front_0.jpg,2021-07-1,0,
163,2021-07-13T10%3A44%3A04_rpi_sensor_3_front_0.jpg,2021-07-1,0,
164,2021-07-13T10%3A46%3A04_rpi_sensor_3_front_0.jpg,2021-07-1,0,
165,2021-07-13T10%3A48%3A04_rpi_sensor_3_front_0.jpg,2021-07-1,0,
166,2021-07-13T10%3A50%3A04_rpi_sensor_3_front_0.jpg,2021-07-1,0,
167,2021-07-13T10%3A52%3A04_rpi_sensor_3_front_0.jpg,2021-07-1,0,
168,2021-07-13T10%3A54%3A04_rpi_sensor_3_front_0.jpg,2021-07-1,0,
169,2021-07-13T10%3A56%3A04_rpi_sensor_3_front_0.jpg,2021-07-1,0,
170,2021-07-13T10%3A58%3A04_rpi_sensor_3_front_0.jpg,2021-07-1,0,
171,2021-07-13T11%3A00%3A04_rpi_sensor_3_front_0.jpg,2021-07-1,0,
172,2021-07-13T11%3A02%3A04_rpi_sensor_3_front_0.jpg,2021-07-1,0,
173,2021-07-13T11%3A04%3A04_rpi_sensor_3_front_0.jpg,2021-07-1,0,
174,2021-07-13T11%3A06%3A03_rpi_sensor_3_front_0.jpg,2021-07-1,0,
175,2021-07-13T11%3A08%3A03_rpi_sensor_3_front_0.jpg,2021-07-1,0,
176,2021-07-13T11%3A10%3A04_rpi_sensor_3_front_0.jpg,2021-07-1,0,
177,2021-07-13T11%3A12%3A04_rpi_sensor_3_front_0.jpg,2021-07-1,0,
178,2021-07-13T11%3A14%3A04_rpi_sensor_3_front_0.jpg,2021-07-1,0,
179,2021-07-13T11%3A16%3A04_rpi_sensor_3_front_0.jpg,2021-07-1,0,
180,2021-07-13T11%3A18%3A04_rpi_sensor_3_front_0.jpg,2021-07-1,0,
181,2021-07-13T11%3A20%3A04_rpi_sensor_3_front_0.jpg,2021-07-1,0,
182,2021-07-13T11%3A22%3A04_rpi_sensor_3_front_0.jpg,2021-07-1,0,
183,2021-07-13T11%3A24%3A04_rpi_sensor_3_front_0.jpg,2021-07-1,0,
184,2021-07-13T11%3A26%3A03_rpi_sensor_3_front_0.jpg,2021-07-1,0,
185,2021-07-13T11%3A28%3A03_rpi_sensor_3_front_0.jpg,2021-07-1,0,
186,2021-07-13T11%3A30%3A04_rpi_sensor_3_front_0.jpg,2021-07-1,0,
187,2021-07-13T11%3A32%3A04_rpi_sensor_3_front_0.jpg,2021-07-1,0,
188,2021-07-13T11%3A34%3A04_rpi_sensor_3_front_0.jpg,2021-07-1,0,
189,2021-07-13T11%3A36%3A04_rpi_sensor_3_front_0.jpg,2021-07-1,0,
190,2021-07-13T11%3A38%3A04_rpi_sensor_3_front_0.jpg,2021-07-1,0,
191,2021-07-13T11%3A40%3A04_rpi_sensor_3_front_0.jpg,2021-07-1,0,
192,2021-07-13T11%3A42%3A04_rpi_sensor_3_front_0.jpg,2021-07-1,0,
193,2021-07-13T11%3A44%3A04_rpi_sensor_3_front_0.jpg,2021-07-1,0,
194,2021-07-13T11%3A46%3A04_rpi_sensor_3_front_0.jpg,2021-07-1,0,
195,2021-07-13T11%3A48%3A04_rpi_sensor_3_front_0.jpg,2021-07-1,0,
196,2021-07-13T11%3A50%3A04_rpi_sensor_3_front_0.jpg,2021-07-1,0,
197,2021-07-13T11%3A52%3A04_rpi_sensor_3_front_0.jpg,2021-07-1,0,
198,2021-07-13T11%3A54%3A04_rpi_sensor_3_front_0.jpg,2021-07-1,0,
199,2021-07-13T11%3A56%3A04_rpi_sensor_3_front_0.jpg,2021-07-1,0,
200,2021-07-13T11%3A58%3A04_rpi_sensor_3_front_0.jpg,2021-07-1,0,
201,2021-07-13T12%3A00%3A04_rpi_sensor_3_front_0.jpg,2021-07-1,0,
202,2021-07-13T12%3A02%3A04_rpi_sensor_3_front_0.jpg,2021-07-1,0,
203,2021-07-13T12%3A04%3A04_rpi_sensor_3_front_0.jpg,2021-07-1,0,
204,2021-07-13T12%3A06%3A04_rpi_sensor_3_front_0.jpg,2021-07-1,0,
205,2021-07-13T12%3A08%3A04_rpi_sensor_3_front_0.jpg,2021-07-1,0,
206,2021-07-13T12%3A10%3A04_rpi_sensor_3_front_0.jpg,2021-07-1,0,
207,2021-07-13T12%3A12%3A04_rpi_sensor_3_front_0.jpg,2021-07-1,0,
208,2021-07-13T12%3A14%3A04_rpi_sensor_3_front_0.jpg,2021-07-1,0,
209,2021-07-13T12%3A16%3A04_rpi_sensor_3_front_0.jpg,2021-07-1,0,
210,2021-07-13T12%3A18%3A04_rpi_sensor_3_front_0.jpg,2021-07-1,0,
211,2021-07-13T12%3A20%3A03_rpi_sensor_3_front_0.jpg,2021-07-1,0,
212,2021-07-13T12%3A22%3A04_rpi_sensor_3_front_0.jpg,2021-07-1,0,
213,2021-07-13T12%3A24%3A04_rpi_sensor_3_front_0.jpg,2021-07-1,0,
214,2021-07-13T12%3A26%3A04_rpi_sensor_3_front_0.jpg,2021-07-1,0,
215,2021-07-13T12%3A28%3A04_rpi_sensor_3_front_0.jpg,2021-07-1,0,
216,2021-07-13T12%3A30%3A04_rpi_sensor_3_front_0.jpg,2021-07-1,0,
217,2021-07-13T12%3A32%3A04_rpi_sensor_3_front_0.jpg,2021-07-1,0,
218,2021-07-13T12%3A34%3A04_rpi_sensor_3_front_0.jpg,2021-07-1,0,
219,2021-07-13T12%3A36%3A04_rpi_sensor_3_front_0.jpg,2021-07-1,0,
220,2021-07-13T12%3A38%3A04_rpi_sensor_3_front_0.jpg,2021-07-1,0,
221,2021-07-13T12%3A40%3A04_rpi_sensor_3_front_0.jpg,2021-07-1,0,
222,2021-07-13T12%3A42%3A04_rpi_sensor_3_front_0.jpg,2021-07-1,0,
223,2021-07-13T12%3A44%3A04_rpi_sensor_3_front_0.jpg,2021-07-1,0,
224,2021-07-13T12%3A46%3A04_rpi_sensor_3_front_0.jpg,2021-07-1,0,
225,2021-07-13T12%3A48%3A04_rpi_sensor_3_front_0.jpg,2021-07-1,0,
226,2021-07-13T12%3A50%3A04_rpi_sensor_3_front_0.jpg,2021-07-1,0,
227,2021-07-13T12%3A52%3A04_rpi_sensor_3_front_0.jpg,2021-07-1,0,
228,2021-07-13T12%3A54%3A04_rpi_sensor_3_front_0.jpg,2021-07-1,0,
229,2021-07-13T12%3A56%3A04_rpi_sensor_3_front_0.jpg,2021-07-1,0,
230,2021-07-13T12%3A58%3A04_rpi_sensor_3_front_0.jpg,2021-07-1,0,
231,2021-07-13T13%3A00%3A04_rpi_sensor_3_front_0.jpg,2021-07-1,0,
232,2021-07-13T13%3A02%3A03_rpi_sensor_3_front_0.jpg,2021-07-1,0,
233,2021-07-13T13%3A04%3A03_rpi_sensor_3_front_0.jpg,2021-07-1,0,
234,2021-07-13T13%3A06%3A04_rpi_sensor_3_front_0.jpg,2021-07-1,0,
235,2021-07-13T13%3A08%3A04_rpi_sensor_3_front_0.jpg,2021-07-1,0,
236,2021-07-13T13%3A10%3A04_rpi_sensor_3_front_0.jpg,2021-07-1,0,
237,2021-07-13T13%3A12%3A04_rpi_sensor_3_front_0.jpg,2021-07-1,0,
238,2021-07-13T13%3A14%3A04_rpi_sensor_3_front_0.jpg,2021-07-1,0,
239,2021-07-13T13%3A16%3A04_rpi_sensor_3_front_0.jpg,2021-07-1,0,
240,2021-07-13T13%3A18%3A04_rpi_sensor_3_front_0.jpg,2021-07-1,0,
241,2021-07-13T13%3A20%3A03_rpi_sensor_3_front_0.jpg,2021-07-1,0,
242,2021-07-13T13%3A22%3A04_rpi_sensor_3_front_0.jpg,2021-07-1,0,
243,2021-07-13T13%3A24%3A04_rpi_sensor_3_front_0.jpg,2021-07-1,0,
244,2021-07-13T13%3A26%3A04_rpi_sensor_3_front_0.jpg,2021-07-1,0,
245,2021-07-13T13%3A28%3A04_rpi_sensor_3_front_0.jpg,2021-07-1,0,
246,2021-07-13T13%3A30%3A04_rpi_sensor_3_front_0.jpg,2021-07-1,0,
247,2021-07-13T13%3A32%3A04_rpi_sensor_3_front_0.jpg,2021-07-1,0,
248,2021-07-13T13%3A34%3A04_rpi_sensor_3_front_0.jpg,2021-07-1,0,
249,2021-07-13T13%3A36%3A04_rpi_sensor_3_front_0.jpg,2021-07-1,0,
250,2021-07-13T13%3A38%3A03_rpi_sensor_3_front_0.jpg,2021-07-1,0,
251,2021-07-13T13%3A40%3A03_rpi_sensor_3_front_0.jpg,2021-07-1,0,
252,2021-07-13T13%3A42%3A04_rpi_sensor_3_front_0.jpg,2021-07-1,0,
253,2021-07-13T13%3A44%3A04_rpi_sensor_3_front_0.jpg,2021-07-1,0,
254,2021-07-13T13%3A46%3A04_rpi_sensor_3_front_0.jpg,2021-07-1,0,
255,2021-07-13T13%3A48%3A04_rpi_sensor_3_front_0.jpg,2021-07-1,0,
256,2021-07-13T13%3A50%3A04_rpi_sensor_3_front_0.jpg,2021-07-1,0,
257,2021-07-13T13%3A52%3A04_rpi_sensor_3_front_0.jpg,2021-07-1,0,
258,2021-07-13T13%3A54%3A04_rpi_sensor_3_front_0.jpg,2021-07-1,0,
259,2021-07-13T13%3A56%3A03_rpi_sensor_3_front_0.jpg,2021-07-1,0,
260,2021-07-13T13%3A58%3A04_rpi_sensor_3_front_0.jpg,2021-07-1,0,
261,2021-07-13T14%3A00%3A04_rpi_sensor_3_front_0.jpg,2021-07-1,0,
262,2021-07-13T14%3A02%3A04_rpi_sensor_3_front_0.jpg,2021-07-1,0,
263,2021-07-13T14%3A04%3A04_rpi_sensor_3_front_0.jpg,2021-07-1,0,
264,2021-07-13T14%3A06%3A04_rpi_sensor_3_front_0.jpg,2021-07-1,0,
265,2021-07-13T14%3A08%3A04_rpi_sensor_3_front_0.jpg,2021-07-1,0,
266,2021-07-13T14%3A10%3A04_rpi_sensor_3_front_0.jpg,2021-07-1,0,
267,2021-07-13T14%3A12%3A04_rpi_sensor_3_front_0.jpg,2021-07-1,0,
268,2021-07-13T14%3A14%3A03_rpi_sensor_3_front_0.jpg,2021-07-1,0,
269,2021-07-13T14%3A16%3A04_rpi_sensor_3_front_0.jpg,2021-07-1,0,
270,2021-07-13T14%3A18%3A04_rpi_sensor_3_front_0.jpg,2021-07-1,0,
271,2021-07-13T14%3A20%3A04_rpi_sensor_3_front_0.jpg,2021-07-1,0,
272,2021-07-13T14%3A22%3A04_rpi_sensor_3_front_0.jpg,2021-07-1,0,
273,2021-07-13T14%3A24%3A04_rpi_sensor_3_front_0.jpg,2021-07-1,0,
274,2021-07-13T14%3A26%3A04_rpi_sensor_3_front_0.jpg,2021-07-1,0,
275,2021-07-13T14%3A28%3A03_rpi_sensor_3_front_0.jpg,2021-07-1,0,
276,2021-07-13T14%3A30%3A04_rpi_sensor_3_front_0.jpg,2021-07-1,0,
277,2021-07-13T14%3A32%3A04_rpi_sensor_3_front_0.jpg,2021-07-1,0,
278,2021-07-13T14%3A34%3A04_rpi_sensor_3_front_0.jpg,2021-07-1,0,
279,2021-07-13T14%3A36%3A04_rpi_sensor_3_front_0.jpg,2021-07-1,0,
280,2021-07-13T14%3A38%3A04_rpi_sensor_3_front_0.jpg,2021-07-1,0,
281,2021-07-13T14%3A40%3A04_rpi_sensor_3_front_0.jpg,2021-07-1,0,
282,2021-07-13T14%3A42%3A04_rpi_sensor_3_front_0.jpg,2021-07-1,0,
283,2021-07-13T14%3A44%3A04_rpi_sensor_3_front_0.jpg,2021-07-1,0,
284,2021-07-13T14%3A46%3A04_rpi_sensor_3_front_0.jpg,2021-07-1,0,
285,2021-07-13T14%3A48%3A04_rpi_sensor_3_front_0.jpg,2021-07-1,0,
286,2021-07-13T14%3A50%3A04_rpi_sensor_3_front_0.jpg,2021-07-1,0,
287,2021-07-13T14%3A52%3A04_rpi_sensor_3_front_0.jpg,2021-07-1,0,
288,2021-07-13T14%3A54%3A03_rpi_sensor_3_front_0.jpg,2021-07-1,0,
289,2021-07-13T14%3A56%3A04_rpi_sensor_3_front_0.jpg,2021-07-1,0,
290,2021-07-13T14%3A58%3A04_rpi_sensor_3_front_0.jpg,2021-07-1,0,
291,2021-07-13T15%3A00%3A04_rpi_sensor_3_front_0.jpg,2021-07-1,0,
292,2021-07-13T15%3A02%3A04_rpi_sensor_3_front_0.jpg,2021-07-1,0,
293,2021-07-13T15%3A04%3A03_rpi_sensor_3_front_0.jpg,2021-07-1,0,
294,2021-07-13T15%3A06%3A04_rpi_sensor_3_front_0.jpg,2021-07-1,0,
295,2021-07-13T15%3A08%3A04_rpi_sensor_3_front_0.jpg,2021-07-1,0,
296,2021-07-13T15%3A10%3A04_rpi_sensor_3_front_0.jpg,2021-07-1,0,
297,2021-07-13T15%3A12%3A04_rpi_sensor_3_front_0.jpg,2021-07-1,0,
298,2021-07-13T15%3A14%3A04_rpi_sensor_3_front_0.jpg,2021-07-1,0,
299,2021-07-13T15%3A16%3A04_rpi_sensor_3_front_0.jpg,2021-07-1,0,
300,2021-07-13T15%3A18%3A04_rpi_sensor_3_front_0.jpg,2021-07-1,0,
301,2021-07-13T15%3A20%3A04_rpi_sensor_3_front_0.jpg,2021-07-1,0,
302,2021-07-13T15%3A22%3A04_rpi_sensor_3_front_0.jpg,2021-07-1,0,
303,2021-07-13T15%3A24%3A03_rpi_sensor_3_front_0.jpg,2021-07-1,0,
304,2021-07-13T15%3A26%3A04_rpi_sensor_3_front_0.jpg,2021-07-1,0,
305,2021-07-13T15%3A28%3A04_rpi_sensor_3_front_0.jpg,2021-07-1,0,
306,2021-07-13T15%3A30%3A04_rpi_sensor_3_front_0.jpg,2021-07-1,0,
307,2021-07-13T15%3A32%3A04_rpi_sensor_3_front_0.jpg,2021-07-1,0,
308,2021-07-13T15%3A34%3A04_rpi_sensor_3_front_0.jpg,2021-07-1,0,
309,2021-07-13T15%3A36%3A04_rpi_sensor_3_front_0.jpg,2021-07-1,0,
310,2021-07-13T15%3A38%3A03_rpi_sensor_3_front_0.jpg,2021-07-1,0,
311,2021-07-13T15%3A40%3A04_rpi_sensor_3_front_0.jpg,2021-07-1,0,
312,2021-07-13T15%3A42%3A04_rpi_sensor_3_front_0.jpg,2021-07-1,0,
313,2021-07-13T15%3A44%3A04_rpi_sensor_3_front_0.jpg,2021-07-1,0,
314,2021-07-13T15%3A46%3A04_rpi_sensor_3_front_0.jpg,2021-07-1,0,
315,2021-07-13T15%3A48%3A04_rpi_sensor_3_front_0.jpg,2021-07-1,0,
316,2021-07-13T15%3A50%3A04_rpi_sensor_3_front_0.jpg,2021-07-1,0,
317,2021-07-13T15%3A52%3A04_rpi_sensor_3_front_0.jpg,2021-07-1,0,
318,2021-07-13T15%3A54%3A04_rpi_sensor_3_front_0.jpg,2021-07-1,0,
319,2021-07-13T15%3A56%3A04_rpi_sensor_3_front_0.jpg,2021-07-1,0,
320,2021-07-13T15%3A58%3A04_rpi_sensor_3_front_0.jpg,2021-07-1,0,
321,2021-07-13T16%3A00%3A04_rpi_sensor_3_front_0.jpg,2021-07-1,0,
322,2021-07-13T16%3A02%3A04_rpi_sensor_3_front_0.jpg,2021-07-1,0,
323,2021-07-13T16%3A04%3A04_rpi_sensor_3_front_0.jpg,2021-07-1,0,
324,2021-07-13T16%3A06%3A04_rpi_sensor_3_front_0.jpg,2021-07-1,0,
325,2021-07-13T16%3A08%3A03_rpi_sensor_3_front_0.jpg,2021-07-1,0,
326,2021-07-13T16%3A10%3A04_rpi_sensor_3_front_0.jpg,2021-07-1,0,
327,2021-07-13T16%3A12%3A04_rpi_sensor_3_front_0.jpg,2021-07-1,0,
328,2021-07-13T16%3A14%3A04_rpi_sensor_3_front_0.jpg,2021-07-1,0,
329,2021-07-13T16%3A16%3A04_rpi_sensor_3_front_0.jpg,2021-07-1,0,
330,2021-07-13T16%3A18%3A04_rpi_sensor_3_front_0.jpg,2021-07-1,0,
331,2021-07-13T16%3A20%3A04_rpi_sensor_3_front_0.jpg,2021-07-1,0,
332,2021-07-13T16%3A22%3A04_rpi_sensor_3_front_0.jpg,2021-07-1,0,
333,2021-07-13T16%3A24%3A04_rpi_sensor_3_front_0.jpg,2021-07-1,0,
334,2021-07-13T16%3A26%3A04_rpi_sensor_3_front_0.jpg,2021-07-1,0,
335,2021-07-13T16%3A28%3A04_rpi_sensor_3_front_0.jpg,2021-07-1,0,
336,2021-07-13T16%3A30%3A03_rpi_sensor_3_front_0.jpg,2021-07-1,0,
337,2021-07-13T16%3A32%3A04_rpi_sensor_3_front_0.jpg,2021-07-1,0,
338,2021-07-13T16%3A34%3A04_rpi_sensor_3_front_0.jpg,2021-07-1,0,
339,2021-07-13T16%3A36%3A04_rpi_sensor_3_front_0.jpg,2021-07-1,0,
340,2021-07-13T16%3A38%3A04_rpi_sensor_3_front_0.jpg,2021-07-1,0,
341,2021-07-13T16%3A40%3A04_rpi_sensor_3_front_0.jpg,2021-07-1,0,
342,2021-07-13T16%3A42%3A04_rpi_sensor_3_front_0.jpg,2021-07-1,0,
343,2021-07-13T16%3A44%3A04_rpi_sensor_3_front_0.jpg,2021-07-1,0,
344,2021-07-13T16%3A46%3A04_rpi_sensor_3_front_0.jpg,2021-07-1,0,
345,2021-07-13T16%3A48%3A03_rpi_sensor_3_front_0.jpg,2021-07-1,0,
346,2021-07-13T16%3A50%3A04_rpi_sensor_3_front_0.jpg,2021-07-1,0,
347,2021-07-13T16%3A52%3A04_rpi_sensor_3_front_0.jpg,2021-07-1,0,
348,2021-07-13T16%3A54%3A04_rpi_sensor_3_front_0.jpg,2021-07-1,0,
349,2021-07-13T16%3A56%3A04_rpi_sensor_3_front_0.jpg,2021-07-1,0,
350,2021-07-13T16%3A58%3A04_rpi_sensor_3_front_0.jpg,2021-07-1,0,
351,2021-07-13T17%3A00%3A04_rpi_sensor_3_front_0.jpg,2021-07-1,0,
352,2021-07-13T17%3A02%3A04_rpi_sensor_3_front_0.jpg,2021-07-1,0,
353,2021-07-13T17%3A04%3A04_rpi_sensor_3_front_0.jpg,2021-07-1,0,
354,2021-07-13T17%3A06%3A04_rpi_sensor_3_front_0.jpg,2021-07-1,0,
355,2021-07-13T17%3A08%3A04_rpi_sensor_3_front_0.jpg,2021-07-1,0,
356,2021-07-13T17%3A10%3A04_rpi_sensor_3_front_0.jpg,2021-07-1,0,
357,2021-07-13T17%3A12%3A04_rpi_sensor_3_front_0.jpg,2021-07-1,0,
358,2021-07-13T17%3A14%3A04_rpi_sensor_3_front_0.jpg,2021-07-1,0,
359,2021-07-13T17%3A16%3A04_rpi_sensor_3_front_0.jpg,2021-07-1,0,
360,2021-07-13T17%3A18%3A04_rpi_sensor_3_front_0.jpg,2021-07-1,0,
361,2021-07-13T17%3A20%3A04_rpi_sensor_3_front_0.jpg,2021-07-1,0,
362,2021-07-13T17%3A22%3A04_rpi_sensor_3_front_0.jpg,2021-07-1,0,
363,2021-07-13T17%3A24%3A03_rpi_sensor_3_front_0.jpg,2021-07-1,0,
364,2021-07-13T17%3A26%3A04_rpi_sensor_3_front_0.jpg,2021-07-1,0,
365,2021-07-13T17%3A28%3A04_rpi_sensor_3_front_0.jpg,2021-07-1,0,
366,2021-07-13T17%3A30%3A04_rpi_sensor_3_front_0.jpg,2021-07-1,0,
367,2021-07-13T17%3A32%3A04_rpi_sensor_3_front_0.jpg,2021-07-1,0,
368,2021-07-13T17%3A34%3A04_rpi_sensor_3_front_0.jpg,2021-07-1,0,
369,2021-07-13T17%3A36%3A04_rpi_sensor_3_front_0.jpg,2021-07-1,0,
370,2021-07-13T17%3A38%3A04_rpi_sensor_3_front_0.jpg,2021-07-1,0,
371,2021-07-13T17%3A40%3A04_rpi_sensor_3_front_0.jpg,2021-07-1,0,
372,2021-07-13T17%3A42%3A04_rpi_sensor_3_front_0.jpg,2021-07-1,0,
373,2021-07-13T17%3A44%3A04_rpi_sensor_3_front_0.jpg,2021-07-1,0,
374,2021-07-13T17%3A46%3A03_rpi_sensor_3_front_0.jpg,2021-07-1,0,
375,2021-07-13T17%3A48%3A03_rpi_sensor_3_front_0.jpg,2021-07-1,0,
376,2021-07-13T17%3A50%3A03_rpi_sensor_3_front_0.jpg,2021-07-1,0,
377,2021-07-13T17%3A52%3A03_rpi_sensor_3_front_0.jpg,2021-07-1,0,
378,2021-07-13T17%3A54%3A04_rpi_sensor_3_front_0.jpg,2021-07-1,0,
379,2021-07-13T17%3A56%3A04_rpi_sensor_3_front_0.jpg,2021-07-1,0,
380,2021-07-13T17%3A58%3A04_rpi_sensor_3_front_0.jpg,2021-07-1,0,
381,2021-07-13T18%3A00%3A04_rpi_sensor_3_front_0.jpg,2021-07-1,0,
382,2021-07-13T18%3A02%3A04_rpi_sensor_3_front_0.jpg,2021-07-1,0,
383,2021-07-13T18%3A04%3A04_rpi_sensor_3_front_0.jpg,2021-07-1,0,
384,2021-07-13T18%3A06%3A04_rpi_sensor_3_front_0.jpg,2021-07-1,0,
385,2021-07-13T18%3A08%3A04_rpi_sensor_3_front_0.jpg,2021-07-1,0,
386,2021-07-13T18%3A10%3A04_rpi_sensor_3_front_0.jpg,2021-07-1,0,
387,2021-07-13T18%3A12%3A04_rpi_sensor_3_front_0.jpg,2021-07-1,0,
388,2021-07-13T18%3A14%3A04_rpi_sensor_3_front_0.jpg,2021-07-1,0,
389,2021-07-13T18%3A16%3A04_rpi_sensor_3_front_0.jpg,2021-07-1,0,
390,2021-07-13T18%3A18%3A04_rpi_sensor_3_front_0.jpg,2021-07-1,0,
391,2021-07-13T18%3A20%3A04_rpi_sensor_3_front_0.jpg,2021-07-1,0,
392,2021-07-13T18%3A22%3A04_rpi_sensor_3_front_0.jpg,2021-07-1,0,
393,2021-07-13T18%3A24%3A04_rpi_sensor_3_front_0.jpg,2021-07-1,0,
394,2021-07-13T18%3A26%3A04_rpi_sensor_3_front_0.jpg,2021-07-1,0,
395,2021-07-13T18%3A28%3A04_rpi_sensor_3_front_0.jpg,2021-07-1,0,
396,2021-07-13T18%3A30%3A04_rpi_sensor_3_front_0.jpg,2021-07-1,0,
397,2021-07-13T18%3A32%3A04_rpi_sensor_3_front_0.jpg,2021-07-1,0,
398,2021-07-13T18%3A34%3A04_rpi_sensor_3_front_0.jpg,2021-07-1,0,
399,2021-07-13T18%3A36%3A04_rpi_sensor_3_front_0.jpg,2021-07-1,0,
400,2021-07-13T18%3A38%3A04_rpi_sensor_3_front_0.jpg,2021-07-1,0,
401,2021-07-13T18%3A40%3A04_rpi_sensor_3_front_0.jpg,2021-07-1,0,
402,2021-07-13T18%3A58%3A04_rpi_sensor_3_front_0.jpg,2021-07-1,0,
403,2021-07-13T19%3A00%3A04_rpi_sensor_3_front_0.jpg,2021-07-1,0,
404,2021-07-13T19%3A02%3A04_rpi_sensor_3_front_0.jpg,2021-07-1,0,
405,2021-07-13T19%3A04%3A04_rpi_sensor_3_front_0.jpg,2021-07-1,0,
406,2021-07-13T19%3A06%3A03_rpi_sensor_3_front_0.jpg,2021-07-1,0,
407,2021-07-13T19%3A08%3A04_rpi_sensor_3_front_0.jpg,2021-07-1,0,
408,2021-07-13T19%3A10%3A04_rpi_sensor_3_front_0.jpg,2021-07-1,0,
409,2021-07-13T19%3A12%3A04_rpi_sensor_3_front_0.jpg,2021-07-1,0,
410,2021-07-13T19%3A14%3A03_rpi_sensor_3_front_0.jpg,2021-07-1,0,
411,2021-07-13T19%3A16%3A03_rpi_sensor_3_front_0.jpg,2021-07-1,0,
412,2021-07-13T19%3A18%3A04_rpi_sensor_3_front_0.jpg,2021-07-1,0,
413,2021-07-13T19%3A20%3A04_rpi_sensor_3_front_0.jpg,2021-07-1,0,
414,2021-07-13T19%3A22%3A04_rpi_sensor_3_front_0.jpg,2021-07-1,0,
415,2021-07-13T19%3A24%3A03_rpi_sensor_3_front_0.jpg,2021-07-1,0,
416,2021-07-13T19%3A26%3A04_rpi_sensor_3_front_0.jpg,2021-07-1,0,
417,2021-07-13T19%3A28%3A04_rpi_sensor_3_front_0.jpg,2021-07-1,0,
418,2021-07-13T19%3A30%3A04_rpi_sensor_3_front_0.jpg,2021-07-1,0,
419,2021-07-13T19%3A32%3A04_rpi_sensor_3_front_0.jpg,2021-07-1,0,
420,2021-07-13T19%3A34%3A04_rpi_sensor_3_front_0.jpg,2021-07-1,0,
421,2021-07-13T19%3A36%3A04_rpi_sensor_3_front_0.jpg,2021-07-1,0,
422,2021-07-13T19%3A38%3A04_rpi_sensor_3_front_0.jpg,2021-07-1,0,
423,2021-07-13T19%3A40%3A04_rpi_sensor_3_front_0.jpg,2021-07-1,0,
424,2021-07-13T19%3A44%3A03_rpi_sensor_3_front_0.jpg,2021-07-1,0,
425,2021-07-13T19%3A46%3A04_rpi_sensor_3_front_0.jpg,2021-07-1,0,
426,2021-07-13T19%3A48%3A04_rpi_sensor_3_front_0.jpg,2021-07-1,0,
427,2021-07-13T19%3A50%3A04_rpi_sensor_3_front_0.jpg,2021-07-1,0,
428,2021-07-13T19%3A52%3A04_rpi_sensor_3_front_0.jpg,2021-07-1,0,
429,2021-07-13T19%3A54%3A03_rpi_sensor_3_front_0.jpg,2021-07-1,0,
430,2021-07-13T19%3A56%3A04_rpi_sensor_3_front_0.jpg,2021-07-1,0,
431,2021-07-13T19%3A58%3A04_rpi_sensor_3_front_0.jpg,2021-07-1,0,
432,2021-07-13T20%3A00%3A04_rpi_sensor_3_front_0.jpg,2021-07-1,0,
433,2021-07-13T20%3A02%3A03_rpi_sensor_3_front_0.jpg,2021-07-1,0,
434,2021-07-13T20%3A04%3A04_rpi_sensor_3_front_0.jpg,2021-07-1,0,
435,2021-07-13T20%3A06%3A03_rpi_sensor_3_front_0.jpg,2021-07-1,0,
436,2021-07-13T20%3A08%3A04_rpi_sensor_3_front_0.jpg,2021-07-1,0,
437,2021-07-13T20%3A10%3A04_rpi_sensor_3_front_0.jpg,2021-07-1,0,
438,2021-07-13T20%3A12%3A04_rpi_sensor_3_front_0.jpg,2021-07-1,0,
439,2021-07-13T20%3A18%3A04_rpi_sensor_3_front_0.jpg,2021-07-1,0,
440,2021-07-13T20%3A20%3A04_rpi_sensor_3_front_0.jpg,2021-07-1,0,
441,2021-07-13T20%3A22%3A04_rpi_sensor_3_front_0.jpg,2021-07-1,0,
442,2021-07-13T20%3A24%3A03_rpi_sensor_3_front_0.jpg,2021-07-1,0,
443,2021-07-13T20%3A26%3A04_rpi_sensor_3_front_0.jpg,2021-07-1,0,
444,2021-07-13T20%3A46%3A04_rpi_sensor_3_front_0.jpg,2021-07-1,0,
445,2021-07-13T20%3A48%3A04_rpi_sensor_3_front_0.jpg,2021-07-1,0,
446,2021-07-13T20%3A50%3A04_rpi_sensor_3_front_0.jpg,2021-07-1,0,
447,2021-07-13T20%3A52%3A04_rpi_sensor_3_front_0.jpg,2021-07-1,0,
448,2021-07-13T20%3A54%3A04_rpi_sensor_3_front_0.jpg,2021-07-1,0,
449,2021-07-15T03%3A56%3A03_rpi_sensor_3_front_1.jpg,2021-07-1,1,
450,2021-07-15T03%3A58%3A04_rpi_sensor_3_front_1.jpg,2021-07-1,1,
451,2021-07-15T04%3A00%3A04_rpi_sensor_3_front_1.jpg,2021-07-1,1,
452,2021-07-15T04%3A02%3A04_rpi_sensor_3_front_1.jpg,2021-07-1,1,
453,2021-07-15T04%3A04%3A03_rpi_sensor_3_front_1.jpg,2021-07-1,1,
454,2021-07-15T04%3A16%3A04_rpi_sensor_3_front_1.jpg,2021-07-1,1,
455,2021-07-15T04%3A18%3A04_rpi_sensor_3_front_1.jpg,2021-07-1,1,
456,2021-07-15T04%3A20%3A04_rpi_sensor_3_front_1.jpg,2021-07-1,1,
457,2021-07-15T04%3A22%3A04_rpi_sensor_3_front_1.jpg,2021-07-1,1,
458,2021-07-15T04%3A34%3A04_rpi_sensor_3_front_1.jpg,2021-07-1,1,
459,2021-07-15T04%3A36%3A04_rpi_sensor_3_front_1.jpg,2021-07-1,1,
460,2021-07-15T04%3A38%3A04_rpi_sensor_3_front_1.jpg,2021-07-1,1,
461,2021-07-15T04%3A40%3A04_rpi_sensor_3_front_1.jpg,2021-07-1,1,
462,2021-07-15T04%3A42%3A04_rpi_sensor_3_front_1.jpg,2021-07-1,1,
463,2021-07-15T04%3A44%3A04_rpi_sensor_3_front_1.jpg,2021-07-1,1,
464,2021-07-15T04%3A46%3A04_rpi_sensor_3_front_1.jpg,2021-07-1,1,
465,2021-07-15T04%3A48%3A04_rpi_sensor_3_front_1.jpg,2021-07-1,1,
466,2021-07-15T04%3A50%3A04_rpi_sensor_3_front_1.jpg,2021-07-1,1,
467,2021-07-15T04%3A52%3A04_rpi_sensor_3_front_1.jpg,2021-07-1,1,
468,2021-07-15T04%3A54%3A04_rpi_sensor_3_front_1.jpg,2021-07-1,1,
469,2021-07-15T04%3A56%3A04_rpi_sensor_3_front_1.jpg,2021-07-1,1,
470,2021-07-15T04%3A58%3A04_rpi_sensor_3_front_1.jpg,2021-07-1,1,
471,2021-07-15T05%3A00%3A04_rpi_sensor_3_front_1.jpg,2021-07-1,1,
472,2021-07-15T05%3A02%3A04_rpi_sensor_3_front_1.jpg,2021-07-1,1,
473,2021-07-15T05%3A04%3A04_rpi_sensor_3_front_1.jpg,2021-07-1,1,
474,2021-07-15T05%3A06%3A03_rpi_sensor_3_front_1.jpg,2021-07-1,1,
475,2021-07-15T05%3A08%3A03_rpi_sensor_3_front_1.jpg,2021-07-1,1,
476,2021-07-15T05%3A10%3A04_rpi_sensor_3_front_1.jpg,2021-07-1,1,
477,2021-07-15T05%3A12%3A04_rpi_sensor_3_front_1.jpg,2021-07-1,1,
478,2021-07-15T05%3A14%3A04_rpi_sensor_3_front_1.jpg,2021-07-1,1,
479,2021-07-15T05%3A16%3A04_rpi_sensor_3_front_1.jpg,2021-07-1,1,
480,2021-07-15T05%3A18%3A04_rpi_sensor_3_front_1.jpg,2021-07-1,1,
481,2021-07-15T05%3A20%3A04_rpi_sensor_3_front_1.jpg,2021-07-1,1,
482,2021-07-15T05%3A22%3A04_rpi_sensor_3_front_1.jpg,2021-07-1,1,
483,2021-07-15T05%3A24%3A04_rpi_sensor_3_front_1.jpg,2021-07-1,1,
484,2021-07-15T05%3A26%3A03_rpi_sensor_3_front_1.jpg,2021-07-1,1,
485,2021-07-15T05%3A28%3A04_rpi_sensor_3_front_1.jpg,2021-07-1,1,
486,2021-07-15T05%3A30%3A04_rpi_sensor_3_front_1.jpg,2021-07-1,1,
487,2021-07-15T05%3A32%3A04_rpi_sensor_3_front_1.jpg,2021-07-1,1,
488,2021-07-15T05%3A34%3A04_rpi_sensor_3_front_1.jpg,2021-07-1,1,
489,2021-07-15T05%3A36%3A04_rpi_sensor_3_front_1.jpg,2021-07-1,1,
490,2021-07-15T05%3A38%3A04_rpi_sensor_3_front_1.jpg,2021-07-1,1,
491,2021-07-15T05%3A40%3A04_rpi_sensor_3_front_1.jpg,2021-07-1,1,
492,2021-07-15T05%3A42%3A04_rpi_sensor_3_front_1.jpg,2021-07-1,1,
493,2021-07-15T05%3A44%3A04_rpi_sensor_3_front_1.jpg,2021-07-1,1,
494,2021-07-15T05%3A46%3A04_rpi_sensor_3_front_1.jpg,2021-07-1,1,
495,2021-07-15T05%3A48%3A04_rpi_sensor_3_front_1.jpg,2021-07-1,1,
496,2021-07-15T05%3A50%3A04_rpi_sensor_3_front_1.jpg,2021-07-1,1,
497,2021-07-15T05%3A52%3A03_rpi_sensor_3_front_1.jpg,2021-07-1,1,
498,2021-07-15T05%3A54%3A04_rpi_sensor_3_front_1.jpg,2021-07-1,1,
499,2021-07-15T05%3A56%3A04_rpi_sensor_3_front_1.jpg,2021-07-1,1,
500,2021-07-15T05%3A58%3A04_rpi_sensor_3_front_1.jpg,2021-07-1,1,
501,2021-07-15T06%3A00%3A03_rpi_sensor_3_front_1.jpg,2021-07-1,1,
502,2021-07-15T06%3A02%3A04_rpi_sensor_3_front_1.jpg,2021-07-1,1,
503,2021-07-15T06%3A04%3A03_rpi_sensor_3_front_1.jpg,2021-07-1,1,
504,2021-07-15T06%3A06%3A04_rpi_sensor_3_front_1.jpg,2021-07-1,1,
505,2021-07-15T06%3A08%3A03_rpi_sensor_3_front_1.jpg,2021-07-1,1,
506,2021-07-15T06%3A10%3A04_rpi_sensor_3_front_1.jpg,2021-07-1,1,
507,2021-07-15T06%3A12%3A04_rpi_sensor_3_front_1.jpg,2021-07-1,1,
508,2021-07-15T06%3A14%3A04_rpi_sensor_3_front_1.jpg,2021-07-1,1,
509,2021-07-15T06%3A16%3A04_rpi_sensor_3_front_1.jpg,2021-07-1,1,
510,2021-07-15T06%3A18%3A04_rpi_sensor_3_front_1.jpg,2021-07-1,1,
511,2021-07-15T06%3A20%3A04_rpi_sensor_3_front_1.jpg,2021-07-1,1,
512,2021-07-15T06%3A22%3A04_rpi_sensor_3_front_1.jpg,2021-07-1,1,
513,2021-07-15T06%3A24%3A04_rpi_sensor_3_front_1.jpg,2021-07-1,1,
514,2021-07-15T06%3A28%3A04_rpi_sensor_3_front_1.jpg,2021-07-1,1,
515,2021-07-15T06%3A30%3A04_rpi_sensor_3_front_1.jpg,2021-07-1,1,
516,2021-07-15T06%3A32%3A03_rpi_sensor_3_front_1.jpg,2021-07-1,1,
517,2021-07-15T06%3A34%3A04_rpi_sensor_3_front_1.jpg,2021-07-1,1,
518,2021-07-15T06%3A36%3A04_rpi_sensor_3_front_1.jpg,2021-07-1,1,
519,2021-07-15T06%3A38%3A04_rpi_sensor_3_front_1.jpg,2021-07-1,1,
520,2021-07-15T06%3A40%3A04_rpi_sensor_3_front_1.jpg,2021-07-1,1,
521,2021-07-15T06%3A42%3A04_rpi_sensor_3_front_1.jpg,2021-07-1,1,
522,2021-07-15T06%3A44%3A04_rpi_sensor_3_front_1.jpg,2021-07-1,1,
523,2021-07-15T06%3A48%3A04_rpi_sensor_3_front_1.jpg,2021-07-1,1,
524,2021-07-15T06%3A50%3A04_rpi_sensor_3_front_1.jpg,2021-07-1,1,
525,2021-07-15T06%3A52%3A04_rpi_sensor_3_front_1.jpg,2021-07-1,1,
526,2021-07-15T06%3A54%3A04_rpi_sensor_3_front_1.jpg,2021-07-1,1,
527,2021-07-15T06%3A56%3A04_rpi_sensor_3_front_1.jpg,2021-07-1,1,
528,2021-07-15T06%3A58%3A04_rpi_sensor_3_front_1.jpg,2021-07-1,1,
529,2021-07-15T07%3A00%3A03_rpi_sensor_3_front_1.jpg,2021-07-1,1,
530,2021-07-15T07%3A02%3A04_rpi_sensor_3_front_1.jpg,2021-07-1,1,
531,2021-07-15T07%3A04%3A04_rpi_sensor_3_front_1.jpg,2021-07-1,1,
532,2021-07-15T07%3A06%3A04_rpi_sensor_3_front_1.jpg,2021-07-1,1,
533,2021-07-15T07%3A08%3A04_rpi_sensor_3_front_1.jpg,2021-07-1,1,
534,2021-07-15T07%3A10%3A04_rpi_sensor_3_front_1.jpg,2021-07-1,1,
535,2021-07-15T07%3A12%3A03_rpi_sensor_3_front_1.jpg,2021-07-1,1,
536,2021-07-15T07%3A14%3A04_rpi_sensor_3_front_1.jpg,2021-07-1,1,
537,2021-07-15T07%3A16%3A04_rpi_sensor_3_front_1.jpg,2021-07-1,1,
538,2021-07-15T07%3A18%3A03_rpi_sensor_3_front_1.jpg,2021-07-1,1,
539,2021-07-15T07%3A20%3A04_rpi_sensor_3_front_1.jpg,2021-07-1,1,
540,2021-07-15T07%3A22%3A04_rpi_sensor_3_front_1.jpg,2021-07-1,1,
541,2021-07-15T07%3A24%3A04_rpi_sensor_3_front_1.jpg,2021-07-1,1,
542,2021-07-15T07%3A26%3A04_rpi_sensor_3_front_1.jpg,2021-07-1,1,
543,2021-07-15T07%3A28%3A04_rpi_sensor_3_front_1.jpg,2021-07-1,1,
544,2021-07-15T07%3A30%3A04_rpi_sensor_3_front_1.jpg,2021-07-1,1,
545,2021-07-15T07%3A32%3A04_rpi_sensor_3_front_1.jpg,2021-07-1,1,
546,2021-07-15T07%3A34%3A04_rpi_sensor_3_front_1.jpg,2021-07-1,1,
547,2021-07-15T07%3A36%3A04_rpi_sensor_3_front_1.jpg,2021-07-1,1,
548,2021-07-15T07%3A38%3A04_rpi_sensor_3_front_1.jpg,2021-07-1,1,
549,2021-07-15T07%3A40%3A04_rpi_sensor_3_front_1.jpg,2021-07-1,1,
550,2021-07-15T07%3A42%3A04_rpi_sensor_3_front_1.jpg,2021-07-1,1,
551,2021-07-15T07%3A44%3A04_rpi_sensor_3_front_1.jpg,2021-07-1,1,
552,2021-07-15T07%3A46%3A04_rpi_sensor_3_front_1.jpg,2021-07-1,1,
553,2021-07-15T07%3A48%3A04_rpi_sensor_3_front_1.jpg,2021-07-1,1,
554,2021-07-15T07%3A50%3A04_rpi_sensor_3_front_1.jpg,2021-07-1,1,
555,2021-07-15T07%3A52%3A03_rpi_sensor_3_front_1.jpg,2021-07-1,1,
556,2021-07-15T07%3A54%3A04_rpi_sensor_3_front_1.jpg,2021-07-1,1,
557,2021-07-15T07%3A56%3A03_rpi_sensor_3_front_1.jpg,2021-07-1,1,
558,2021-07-15T07%3A58%3A04_rpi_sensor_3_front_1.jpg,2021-07-1,1,
559,2021-07-15T08%3A00%3A04_rpi_sensor_3_front_1.jpg,2021-07-1,1,
560,2021-07-15T08%3A02%3A04_rpi_sensor_3_front_1.jpg,2021-07-1,1,
561,2021-07-15T08%3A04%3A04_rpi_sensor_3_front_1.jpg,2021-07-1,1,
562,2021-07-15T08%3A06%3A04_rpi_sensor_3_front_1.jpg,2021-07-1,1,
563,2021-07-15T08%3A08%3A04_rpi_sensor_3_front_1.jpg,2021-07-1,1,
564,2021-07-15T08%3A10%3A04_rpi_sensor_3_front_1.jpg,2021-07-1,1,
565,2021-07-15T08%3A12%3A04_rpi_sensor_3_front_1.jpg,2021-07-1,1,
566,2021-07-15T08%3A14%3A04_rpi_sensor_3_front_1.jpg,2021-07-1,1,
567,2021-07-15T08%3A16%3A04_rpi_sensor_3_front_1.jpg,2021-07-1,1,
568,2021-07-15T08%3A18%3A04_rpi_sensor_3_front_1.jpg,2021-07-1,1,
569,2021-07-15T08%3A20%3A04_rpi_sensor_3_front_1.jpg,2021-07-1,1,
570,2021-07-15T08%3A22%3A04_rpi_sensor_3_front_1.jpg,2021-07-1,1,
571,2021-07-15T08%3A24%3A04_rpi_sensor_3_front_1.jpg,2021-07-1,1,
572,2021-07-15T08%3A26%3A04_rpi_sensor_3_front_1.jpg,2021-07-1,1,
573,2021-07-15T08%3A28%3A04_rpi_sensor_3_front_1.jpg,2021-07-1,1,
574,2021-07-15T08%3A30%3A04_rpi_sensor_3_front_1.jpg,2021-07-1,1,
575,2021-07-15T08%3A32%3A04_rpi_sensor_3_front_1.jpg,2021-07-1,1,
576,2021-07-15T08%3A34%3A04_rpi_sensor_3_front_1.jpg,2021-07-1,1,
577,2021-07-15T08%3A36%3A04_rpi_sensor_3_front_1.jpg,2021-07-1,1,
578,2021-07-15T08%3A38%3A04_rpi_sensor_3_front_1.jpg,2021-07-1,1,
579,2021-07-15T08%3A40%3A04_rpi_sensor_3_front_1.jpg,2021-07-1,1,
580,2021-07-15T08%3A42%3A04_rpi_sensor_3_front_1.jpg,2021-07-1,1,
581,2021-07-15T08%3A44%3A03_rpi_sensor_3_front_1.jpg,2021-07-1,1,
582,2021-07-15T08%3A46%3A04_rpi_sensor_3_front_1.jpg,2021-07-1,1,
583,2021-07-15T08%3A48%3A04_rpi_sensor_3_front_1.jpg,2021-07-1,1,
584,2021-07-15T08%3A50%3A04_rpi_sensor_3_front_1.jpg,2021-07-1,1,
585,2021-07-15T08%3A52%3A04_rpi_sensor_3_front_1.jpg,2021-07-1,1,
586,2021-07-15T08%3A54%3A04_rpi_sensor_3_front_1.jpg,2021-07-1,1,
587,2021-07-15T08%3A56%3A04_rpi_sensor_3_front_1.jpg,2021-07-1,1,
588,2021-07-15T08%3A58%3A04_rpi_sensor_3_front_1.jpg,2021-07-1,1,
589,2021-07-15T09%3A00%3A04_rpi_sensor_3_front_1.jpg,2021-07-1,1,
590,2021-07-15T09%3A02%3A04_rpi_sensor_3_front_1.jpg,2021-07-1,1,
591,2021-07-15T09%3A04%3A03_rpi_sensor_3_front_1.jpg,2021-07-1,1,
592,2021-07-15T09%3A06%3A04_rpi_sensor_3_front_1.jpg,2021-07-1,1,
593,2021-07-15T09%3A08%3A03_rpi_sensor_3_front_1.jpg,2021-07-1,1,
594,2021-07-15T09%3A10%3A04_rpi_sensor_3_front_1.jpg,2021-07-1,1,
595,2021-07-15T09%3A12%3A04_rpi_sensor_3_front_1.jpg,2021-07-1,1,
596,2021-07-15T09%3A14%3A03_rpi_sensor_3_front_1.jpg,2021-07-1,1,
597,2021-07-15T09%3A16%3A04_rpi_sensor_3_front_1.jpg,2021-07-1,1,
598,2021-07-15T09%3A18%3A04_rpi_sensor_3_front_1.jpg,2021-07-1,1,
599,2021-07-15T09%3A20%3A04_rpi_sensor_3_front_1.jpg,2021-07-1,1,
600,2021-07-15T09%3A22%3A04_rpi_sensor_3_front_1.jpg,2021-07-1,1,
601,2021-07-15T09%3A24%3A04_rpi_sensor_3_front_1.jpg,2021-07-1,1,
602,2021-07-15T09%3A26%3A04_rpi_sensor_3_front_1.jpg,2021-07-1,1,
603,2021-07-15T09%3A28%3A04_rpi_sensor_3_front_1.jpg,2021-07-1,1,
604,2021-07-15T09%3A30%3A04_rpi_sensor_3_front_1.jpg,2021-07-1,1,
605,2021-07-15T09%3A32%3A04_rpi_sensor_3_front_1.jpg,2021-07-1,1,
606,2021-07-15T09%3A34%3A04_rpi_sensor_3_front_1.jpg,2021-07-1,1,
607,2021-07-15T09%3A36%3A04_rpi_sensor_3_front_1.jpg,2021-07-1,1,
608,2021-07-15T09%3A38%3A04_rpi_sensor_3_front_1.jpg,2021-07-1,1,
609,2021-07-15T09%3A40%3A04_rpi_sensor_3_front_1.jpg,2021-07-1,1,
610,2021-07-15T09%3A42%3A04_rpi_sensor_3_front_1.jpg,2021-07-1,1,
611,2021-07-15T09%3A44%3A04_rpi_sensor_3_front_1.jpg,2021-07-1,1,
612,2021-07-15T09%3A46%3A04_rpi_sensor_3_front_1.jpg,2021-07-1,1,
613,2021-07-15T09%3A48%3A04_rpi_sensor_3_front_1.jpg,2021-07-1,1,
614,2021-07-15T09%3A50%3A04_rpi_sensor_3_front_1.jpg,2021-07-1,1,
615,2021-07-15T09%3A52%3A04_rpi_sensor_3_front_1.jpg,2021-07-1,1,
616,2021-07-15T09%3A54%3A04_rpi_sensor_3_front_1.jpg,2021-07-1,1,
617,2021-07-15T09%3A56%3A04_rpi_sensor_3_front_1.jpg,2021-07-1,1,
618,2021-07-15T09%3A58%3A04_rpi_sensor_3_front_1.jpg,2021-07-1,1,
619,2021-07-15T10%3A00%3A04_rpi_sensor_3_front_1.jpg,2021-07-1,1,
620,2021-07-15T10%3A02%3A04_rpi_sensor_3_front_1.jpg,2021-07-1,1,
621,2021-07-15T10%3A04%3A04_rpi_sensor_3_front_1.jpg,2021-07-1,1,
622,2021-07-15T10%3A06%3A04_rpi_sensor_3_front_1.jpg,2021-07-1,1,
623,2021-07-15T10%3A08%3A04_rpi_sensor_3_front_1.jpg,2021-07-1,1,
624,2021-07-15T10%3A10%3A04_rpi_sensor_3_front_1.jpg,2021-07-1,1,
625,2021-07-15T10%3A12%3A04_rpi_sensor_3_front_1.jpg,2021-07-1,1,
626,2021-07-15T10%3A14%3A04_rpi_sensor_3_front_1.jpg,2021-07-1,1,
627,2021-07-15T10%3A16%3A04_rpi_sensor_3_front_1.jpg,2021-07-1,1,
628,2021-07-15T10%3A18%3A03_rpi_sensor_3_front_1.jpg,2021-07-1,1,
629,2021-07-15T10%3A20%3A04_rpi_sensor_3_front_1.jpg,2021-07-1,1,
630,2021-07-15T10%3A22%3A03_rpi_sensor_3_front_1.jpg,2021-07-1,1,
631,2021-07-15T10%3A24%3A03_rpi_sensor_3_front_1.jpg,2021-07-1,1,
632,2021-07-15T10%3A26%3A04_rpi_sensor_3_front_1.jpg,2021-07-1,1,
633,2021-07-15T10%3A28%3A04_rpi_sensor_3_front_1.jpg,2021-07-1,1,
634,2021-07-15T10%3A30%3A04_rpi_sensor_3_front_1.jpg,2021-07-1,1,
635,2021-07-15T10%3A32%3A03_rpi_sensor_3_front_1.jpg,2021-07-1,1,
636,2021-07-15T10%3A34%3A04_rpi_sensor_3_front_1.jpg,2021-07-1,1,
637,2021-07-15T10%3A36%3A04_rpi_sensor_3_front_1.jpg,2021-07-1,1,
638,2021-07-15T10%3A38%3A04_rpi_sensor_3_front_1.jpg,2021-07-1,1,
639,2021-07-15T10%3A40%3A03_rpi_sensor_3_front_1.jpg,2021-07-1,1,
640,2021-07-15T10%3A42%3A03_rpi_sensor_3_front_1.jpg,2021-07-1,1,
641,2021-07-15T10%3A44%3A04_rpi_sensor_3_front_1.jpg,2021-07-1,1,
642,2021-07-15T10%3A46%3A04_rpi_sensor_3_front_1.jpg,2021-07-1,1,
643,2021-07-15T10%3A48%3A03_rpi_sensor_3_front_1.jpg,2021-07-1,1,
644,2021-07-15T10%3A50%3A04_rpi_sensor_3_front_1.jpg,2021-07-1,1,
645,2021-07-15T10%3A52%3A04_rpi_sensor_3_front_1.jpg,2021-07-1,1,
646,2021-07-15T10%3A54%3A04_rpi_sensor_3_front_1.jpg,2021-07-1,1,
647,2021-07-15T10%3A56%3A03_rpi_sensor_3_front_1.jpg,2021-07-1,1,
648,2021-07-15T10%3A58%3A04_rpi_sensor_3_front_1.jpg,2021-07-1,1,
649,2021-07-15T11%3A00%3A04_rpi_sensor_3_front_1.jpg,2021-07-1,1,
650,2021-07-15T11%3A02%3A04_rpi_sensor_3_front_1.jpg,2021-07-1,1,
651,2021-07-15T11%3A04%3A04_rpi_sensor_3_front_1.jpg,2021-07-1,1,
652,2021-07-15T11%3A06%3A03_rpi_sensor_3_front_1.jpg,2021-07-1,1,
653,2021-07-15T11%3A08%3A04_rpi_sensor_3_front_1.jpg,2021-07-1,1,
654,2021-07-15T11%3A10%3A04_rpi_sensor_3_front_1.jpg,2021-07-1,1,
655,2021-07-15T11%3A12%3A04_rpi_sensor_3_front_1.jpg,2021-07-1,1,
656,2021-07-15T11%3A14%3A04_rpi_sensor_3_front_1.jpg,2021-07-1,1,
657,2021-07-15T11%3A16%3A04_rpi_sensor_3_front_1.jpg,2021-07-1,1,
658,2021-07-15T11%3A18%3A04_rpi_sensor_3_front_1.jpg,2021-07-1,1,
659,2021-07-15T11%3A20%3A04_rpi_sensor_3_front_1.jpg,2021-07-1,1,
660,2021-07-15T11%3A22%3A03_rpi_sensor_3_front_1.jpg,2021-07-1,1,
661,2021-07-15T11%3A24%3A04_rpi_sensor_3_front_1.jpg,2021-07-1,1,
662,2021-07-15T11%3A26%3A04_rpi_sensor_3_front_1.jpg,2021-07-1,1,
663,2021-07-15T11%3A28%3A04_rpi_sensor_3_front_1.jpg,2021-07-1,1,
664,2021-07-15T11%3A30%3A04_rpi_sensor_3_front_1.jpg,2021-07-1,1,
665,2021-07-15T11%3A32%3A04_rpi_sensor_3_front_1.jpg,2021-07-1,1,
666,2021-07-15T11%3A34%3A04_rpi_sensor_3_front_1.jpg,2021-07-1,1,
667,2021-07-15T11%3A36%3A04_rpi_sensor_3_front_1.jpg,2021-07-1,1,
668,2021-07-15T11%3A38%3A04_rpi_sensor_3_front_1.jpg,2021-07-1,1,
669,2021-07-15T11%3A40%3A04_rpi_sensor_3_front_1.jpg,2021-07-1,1,
670,2021-07-15T11%3A42%3A03_rpi_sensor_3_front_1.jpg,2021-07-1,1,
671,2021-07-15T11%3A44%3A04_rpi_sensor_3_front_1.jpg,2021-07-1,1,
672,2021-07-15T11%3A46%3A04_rpi_sensor_3_front_1.jpg,2021-07-1,1,
673,2021-07-15T11%3A48%3A04_rpi_sensor_3_front_1.jpg,2021-07-1,1,
674,2021-07-15T11%3A50%3A04_rpi_sensor_3_front_1.jpg,2021-07-1,1,
675,2021-07-15T11%3A52%3A04_rpi_sensor_3_front_1.jpg,2021-07-1,1,
676,2021-07-15T11%3A54%3A04_rpi_sensor_3_front_1.jpg,2021-07-1,1,
677,2021-07-15T11%3A56%3A03_rpi_sensor_3_front_1.jpg,2021-07-1,1,
678,2021-07-15T11%3A58%3A04_rpi_sensor_3_front_1.jpg,2021-07-1,1,
679,2021-07-15T12%3A00%3A04_rpi_sensor_3_front_1.jpg,2021-07-1,1,
680,2021-07-15T12%3A02%3A04_rpi_sensor_3_front_1.jpg,2021-07-1,1,
681,2021-07-15T12%3A04%3A04_rpi_sensor_3_front_1.jpg,2021-07-1,1,
682,2021-07-15T12%3A06%3A04_rpi_sensor_3_front_1.jpg,2021-07-1,1,
683,2021-07-15T12%3A08%3A04_rpi_sensor_3_front_1.jpg,2021-07-1,1,
684,2021-07-15T12%3A10%3A04_rpi_sensor_3_front_1.jpg,2021-07-1,1,
685,2021-07-15T12%3A12%3A04_rpi_sensor_3_front_1.jpg,2021-07-1,1,
686,2021-07-15T12%3A14%3A04_rpi_sensor_3_front_1.jpg,2021-07-1,1,
687,2021-07-15T12%3A16%3A04_rpi_sensor_3_front_1.jpg,2021-07-1,1,
688,2021-07-15T12%3A18%3A04_rpi_sensor_3_front_1.jpg,2021-07-1,1,
689,2021-07-15T12%3A20%3A04_rpi_sensor_3_front_1.jpg,2021-07-1,1,
690,2021-07-15T12%3A22%3A04_rpi_sensor_3_front_1.jpg,2021-07-1,1,
691,2021-07-15T12%3A24%3A04_rpi_sensor_3_front_1.jpg,2021-07-1,1,
692,2021-07-15T12%3A26%3A04_rpi_sensor_3_front_1.jpg,2021-07-1,1,
693,2021-07-15T12%3A28%3A04_rpi_sensor_3_front_1.jpg,2021-07-1,1,
694,2021-07-15T12%3A30%3A04_rpi_sensor_3_front_1.jpg,2021-07-1,1,
695,2021-07-15T12%3A32%3A04_rpi_sensor_3_front_1.jpg,2021-07-1,1,
696,2021-07-15T12%3A34%3A04_rpi_sensor_3_front_1.jpg,2021-07-1,1,
697,2021-07-15T12%3A36%3A04_rpi_sensor_3_front_1.jpg,2021-07-1,1,
698,2021-07-15T12%3A38%3A04_rpi_sensor_3_front_1.jpg,2021-07-1,1,
699,2021-07-15T12%3A40%3A04_rpi_sensor_3_front_1.jpg,2021-07-1,1,
700,2021-07-15T12%3A42%3A04_rpi_sensor_3_front_1.jpg,2021-07-1,1,
701,2021-07-15T12%3A44%3A04_rpi_sensor_3_front_1.jpg,2021-07-1,1,
702,2021-07-15T12%3A46%3A04_rpi_sensor_3_front_1.jpg,2021-07-1,1,
703,2021-07-15T12%3A48%3A04_rpi_sensor_3_front_1.jpg,2021-07-1,1,
704,2021-07-15T12%3A50%3A04_rpi_sensor_3_front_1.jpg,2021-07-1,1,
705,2021-07-15T12%3A52%3A04_rpi_sensor_3_front_1.jpg,2021-07-1,1,
706,2021-07-15T12%3A54%3A04_rpi_sensor_3_front_1.jpg,2021-07-1,1,
707,2021-07-15T12%3A56%3A04_rpi_sensor_3_front_1.jpg,2021-07-1,1,
708,2021-07-15T12%3A58%3A04_rpi_sensor_3_front_1.jpg,2021-07-1,1,
709,2021-07-15T13%3A00%3A04_rpi_sensor_3_front_1.jpg,2021-07-1,1,
710,2021-07-15T13%3A02%3A03_rpi_sensor_3_front_1.jpg,2021-07-1,1,
711,2021-07-15T13%3A04%3A04_rpi_sensor_3_front_1.jpg,2021-07-1,1,
712,2021-07-15T13%3A06%3A03_rpi_sensor_3_front_1.jpg,2021-07-1,1,
713,2021-07-15T13%3A08%3A04_rpi_sensor_3_front_1.jpg,2021-07-1,1,
714,2021-07-15T13%3A10%3A04_rpi_sensor_3_front_1.jpg,2021-07-1,1,
715,2021-07-15T13%3A12%3A04_rpi_sensor_3_front_1.jpg,2021-07-1,1,
716,2021-07-15T13%3A14%3A04_rpi_sensor_3_front_1.jpg,2021-07-1,1,
717,2021-07-15T13%3A16%3A04_rpi_sensor_3_front_1.jpg,2021-07-1,1,
718,2021-07-15T13%3A18%3A04_rpi_sensor_3_front_1.jpg,2021-07-1,1,
719,2021-07-15T13%3A20%3A04_rpi_sensor_3_front_1.jpg,2021-07-1,1,
720,2021-07-15T13%3A22%3A04_rpi_sensor_3_front_1.jpg,2021-07-1,1,
721,2021-07-15T13%3A24%3A03_rpi_sensor_3_front_1.jpg,2021-07-1,1,
722,2021-07-15T13%3A26%3A04_rpi_sensor_3_front_1.jpg,2021-07-1,1,
723,2021-07-15T13%3A28%3A04_rpi_sensor_3_front_1.jpg,2021-07-1,1,
724,2021-07-15T13%3A30%3A03_rpi_sensor_3_front_1.jpg,2021-07-1,1,
725,2021-07-15T13%3A32%3A04_rpi_sensor_3_front_1.jpg,2021-07-1,1,
726,2021-07-15T13%3A34%3A04_rpi_sensor_3_front_1.jpg,2021-07-1,1,
727,2021-07-15T13%3A36%3A04_rpi_sensor_3_front_1.jpg,2021-07-1,1,
728,2021-07-15T13%3A38%3A04_rpi_sensor_3_front_1.jpg,2021-07-1,1,
729,2021-07-15T13%3A40%3A04_rpi_sensor_3_front_1.jpg,2021-07-1,1,
730,2021-07-15T13%3A42%3A04_rpi_sensor_3_front_1.jpg,2021-07-1,1,
731,2021-07-15T13%3A44%3A04_rpi_sensor_3_front_1.jpg,2021-07-1,1,
732,2021-07-15T13%3A46%3A04_rpi_sensor_3_front_1.jpg,2021-07-1,1,
733,2021-07-15T13%3A48%3A04_rpi_sensor_3_front_1.jpg,2021-07-1,1,
734,2021-07-15T13%3A50%3A04_rpi_sensor_3_front_1.jpg,2021-07-1,1,
735,2021-07-15T13%3A52%3A03_rpi_sensor_3_front_1.jpg,2021-07-1,1,
736,2021-07-15T13%3A54%3A04_rpi_sensor_3_front_1.jpg,2021-07-1,1,
737,2021-07-15T13%3A56%3A04_rpi_sensor_3_front_1.jpg,2021-07-1,1,
738,2021-07-15T13%3A58%3A03_rpi_sensor_3_front_1.jpg,2021-07-1,1,
739,2021-07-15T14%3A00%3A04_rpi_sensor_3_front_1.jpg,2021-07-1,1,
740,2021-07-15T14%3A02%3A04_rpi_sensor_3_front_1.jpg,2021-07-1,1,
741,2021-07-15T14%3A04%3A04_rpi_sensor_3_front_1.jpg,2021-07-1,1,
742,2021-07-15T14%3A06%3A04_rpi_sensor_3_front_1.jpg,2021-07-1,1,
743,2021-07-15T14%3A08%3A04_rpi_sensor_3_front_1.jpg,2021-07-1,1,
744,2021-07-15T14%3A10%3A04_rpi_sensor_3_front_1.jpg,2021-07-1,1,
745,2021-07-15T14%3A12%3A04_rpi_sensor_3_front_1.jpg,2021-07-1,1,
746,2021-07-15T14%3A14%3A03_rpi_sensor_3_front_1.jpg,2021-07-1,1,
747,2021-07-15T14%3A16%3A04_rpi_sensor_3_front_1.jpg,2021-07-1,1,
748,2021-07-15T14%3A18%3A04_rpi_sensor_3_front_1.jpg,2021-07-1,1,
749,2021-07-15T14%3A20%3A04_rpi_sensor_3_front_1.jpg,2021-07-1,1,
750,2021-07-15T14%3A22%3A04_rpi_sensor_3_front_1.jpg,2021-07-1,1,
751,2021-07-15T14%3A24%3A03_rpi_sensor_3_front_1.jpg,2021-07-1,1,
752,2021-07-15T14%3A26%3A04_rpi_sensor_3_front_1.jpg,2021-07-1,1,
753,2021-07-15T14%3A28%3A04_rpi_sensor_3_front_1.jpg,2021-07-1,1,
754,2021-07-15T14%3A30%3A04_rpi_sensor_3_front_1.jpg,2021-07-1,1,
755,2021-07-15T14%3A32%3A04_rpi_sensor_3_front_1.jpg,2021-07-1,1,
756,2021-07-15T14%3A34%3A04_rpi_sensor_3_front_1.jpg,2021-07-1,1,
757,2021-07-15T14%3A36%3A04_rpi_sensor_3_front_1.jpg,2021-07-1,1,
758,2021-07-15T14%3A38%3A03_rpi_sensor_3_front_1.jpg,2021-07-1,1,
759,2021-07-15T14%3A40%3A04_rpi_sensor_3_front_1.jpg,2021-07-1,1,
760,2021-07-15T14%3A42%3A04_rpi_sensor_3_front_1.jpg,2021-07-1,1,
761,2021-07-15T14%3A44%3A04_rpi_sensor_3_front_1.jpg,2021-07-1,1,
762,2021-07-15T14%3A46%3A04_rpi_sensor_3_front_1.jpg,2021-07-1,1,
763,2021-07-15T14%3A48%3A04_rpi_sensor_3_front_1.jpg,2021-07-1,1,
764,2021-07-15T14%3A50%3A04_rpi_sensor_3_front_1.jpg,2021-07-1,1,
765,2021-07-15T14%3A52%3A04_rpi_sensor_3_front_1.jpg,2021-07-1,1,
766,2021-07-15T14%3A54%3A03_rpi_sensor_3_front_1.jpg,2021-07-1,1,
767,2021-07-15T14%3A56%3A04_rpi_sensor_3_front_1.jpg,2021-07-1,1,
768,2021-07-15T14%3A58%3A04_rpi_sensor_3_front_1.jpg,2021-07-1,1,
769,2021-07-15T15%3A00%3A04_rpi_sensor_3_front_1.jpg,2021-07-1,1,
770,2021-07-15T15%3A02%3A03_rpi_sensor_3_front_1.jpg,2021-07-1,1,
771,2021-07-15T15%3A04%3A04_rpi_sensor_3_front_1.jpg,2021-07-1,1,
772,2021-07-15T15%3A06%3A04_rpi_sensor_3_front_1.jpg,2021-07-1,1,
773,2021-07-15T15%3A08%3A04_rpi_sensor_3_front_1.jpg,2021-07-1,1,
774,2021-07-15T15%3A10%3A04_rpi_sensor_3_front_1.jpg,2021-07-1,1,
775,2021-07-15T15%3A12%3A04_rpi_sensor_3_front_1.jpg,2021-07-1,1,
776,2021-07-15T15%3A14%3A04_rpi_sensor_3_front_1.jpg,2021-07-1,1,
777,2021-07-15T15%3A16%3A04_rpi_sensor_3_front_1.jpg,2021-07-1,1,
778,2021-07-15T15%3A18%3A04_rpi_sensor_3_front_1.jpg,2021-07-1,1,
779,2021-07-15T15%3A20%3A03_rpi_sensor_3_front_1.jpg,2021-07-1,1,
780,2021-07-15T15%3A22%3A04_rpi_sensor_3_front_1.jpg,2021-07-1,1,
781,2021-07-15T15%3A24%3A04_rpi_sensor_3_front_1.jpg,2021-07-1,1,
782,2021-07-15T15%3A26%3A04_rpi_sensor_3_front_1.jpg,2021-07-1,1,
783,2021-07-15T15%3A28%3A04_rpi_sensor_3_front_1.jpg,2021-07-1,1,
784,2021-07-15T15%3A30%3A04_rpi_sensor_3_front_1.jpg,2021-07-1,1,
785,2021-07-15T15%3A32%3A03_rpi_sensor_3_front_1.jpg,2021-07-1,1,
786,2021-07-15T15%3A34%3A04_rpi_sensor_3_front_1.jpg,2021-07-1,1,
787,2021-07-15T15%3A36%3A04_rpi_sensor_3_front_1.jpg,2021-07-1,1,
788,2021-07-15T15%3A38%3A04_rpi_sensor_3_front_1.jpg,2021-07-1,1,
789,2021-07-15T15%3A40%3A04_rpi_sensor_3_front_1.jpg,2021-07-1,1,
790,2021-07-15T15%3A42%3A04_rpi_sensor_3_front_1.jpg,2021-07-1,1,
791,2021-07-15T15%3A44%3A04_rpi_sensor_3_front_1.jpg,2021-07-1,1,
792,2021-07-15T15%3A46%3A04_rpi_sensor_3_front_1.jpg,2021-07-1,1,
793,2021-07-15T15%3A48%3A04_rpi_sensor_3_front_1.jpg,2021-07-1,1,
794,2021-07-15T15%3A50%3A04_rpi_sensor_3_front_1.jpg,2021-07-1,1,
795,2021-07-15T15%3A52%3A04_rpi_sensor_3_front_1.jpg,2021-07-1,1,
796,2021-07-15T15%3A54%3A04_rpi_sensor_3_front_1.jpg,2021-07-1,1,
797,2021-07-15T15%3A56%3A04_rpi_sensor_3_front_1.jpg,2021-07-1,1,
798,2021-07-15T15%3A58%3A04_rpi_sensor_3_front_1.jpg,2021-07-1,1,
799,2021-07-15T16%3A00%3A04_rpi_sensor_3_front_1.jpg,2021-07-1,1,
800,2021-07-15T16%3A02%3A04_rpi_sensor_3_front_1.jpg,2021-07-1,1,
801,2021-07-15T16%3A04%3A04_rpi_sensor_3_front_1.jpg,2021-07-1,1,
802,2021-07-15T16%3A06%3A04_rpi_sensor_3_front_1.jpg,2021-07-1,1,
803,2021-07-15T16%3A08%3A04_rpi_sensor_3_front_1.jpg,2021-07-1,1,
804,2021-07-15T16%3A10%3A04_rpi_sensor_3_front_1.jpg,2021-07-1,1,
805,2021-07-15T16%3A12%3A04_rpi_sensor_3_front_1.jpg,2021-07-1,1,
806,2021-07-15T16%3A14%3A04_rpi_sensor_3_front_1.jpg,2021-07-1,1,
807,2021-07-15T16%3A16%3A04_rpi_sensor_3_front_1.jpg,2021-07-1,1,
808,2021-07-15T16%3A18%3A04_rpi_sensor_3_front_1.jpg,2021-07-1,1,
809,2021-07-15T16%3A20%3A04_rpi_sensor_3_front_1.jpg,2021-07-1,1,
810,2021-07-15T16%3A22%3A04_rpi_sensor_3_front_1.jpg,2021-07-1,1,
811,2021-07-15T16%3A24%3A04_rpi_sensor_3_front_1.jpg,2021-07-1,1,
812,2021-07-15T16%3A26%3A04_rpi_sensor_3_front_1.jpg,2021-07-1,1,
813,2021-07-15T16%3A28%3A04_rpi_sensor_3_front_1.jpg,2021-07-1,1,
814,2021-07-15T16%3A30%3A04_rpi_sensor_3_front_1.jpg,2021-07-1,1,
815,2021-07-15T16%3A32%3A04_rpi_sensor_3_front_1.jpg,2021-07-1,1,
816,2021-07-15T16%3A34%3A04_rpi_sensor_3_front_1.jpg,2021-07-1,1,
817,2021-07-15T16%3A36%3A04_rpi_sensor_3_front_1.jpg,2021-07-1,1,
818,2021-07-15T16%3A38%3A04_rpi_sensor_3_front_1.jpg,2021-07-1,1,
819,2021-07-15T16%3A40%3A04_rpi_sensor_3_front_1.jpg,2021-07-1,1,
820,2021-07-15T16%3A42%3A04_rpi_sensor_3_front_1.jpg,2021-07-1,1,
821,2021-07-15T16%3A46%3A04_rpi_sensor_3_front_1.jpg,2021-07-1,1,
822,2021-07-15T16%3A48%3A03_rpi_sensor_3_front_1.jpg,2021-07-1,1,
823,2021-07-15T16%3A50%3A04_rpi_sensor_3_front_1.jpg,2021-07-1,1,
824,2021-07-15T16%3A52%3A04_rpi_sensor_3_front_1.jpg,2021-07-1,1,
825,2021-07-15T16%3A54%3A04_rpi_sensor_3_front_1.jpg,2021-07-1,1,
826,2021-07-15T16%3A56%3A04_rpi_sensor_3_front_1.jpg,2021-07-1,1,
827,2021-07-15T16%3A58%3A03_rpi_sensor_3_front_1.jpg,2021-07-1,1,
828,2021-07-15T17%3A00%3A04_rpi_sensor_3_front_1.jpg,2021-07-1,1,
829,2021-07-15T17%3A02%3A04_rpi_sensor_3_front_1.jpg,2021-07-1,1,
830,2021-07-15T17%3A04%3A04_rpi_sensor_3_front_1.jpg,2021-07-1,1,
831,2021-07-15T17%3A06%3A04_rpi_sensor_3_front_1.jpg,2021-07-1,1,
832,2021-07-15T17%3A08%3A04_rpi_sensor_3_front_1.jpg,2021-07-1,1,
833,2021-07-15T17%3A10%3A04_rpi_sensor_3_front_1.jpg,2021-07-1,1,
834,2021-07-15T17%3A12%3A04_rpi_sensor_3_front_1.jpg,2021-07-1,1,
835,2021-07-15T17%3A14%3A04_rpi_sensor_3_front_1.jpg,2021-07-1,1,
836,2021-07-15T17%3A16%3A04_rpi_sensor_3_front_1.jpg,2021-07-1,1,
837,2021-07-15T17%3A18%3A04_rpi_sensor_3_front_1.jpg,2021-07-1,1,
838,2021-07-15T17%3A20%3A04_rpi_sensor_3_front_1.jpg,2021-07-1,1,
839,2021-07-15T17%3A22%3A04_rpi_sensor_3_front_1.jpg,2021-07-1,1,
840,2021-07-15T17%3A24%3A04_rpi_sensor_3_front_1.jpg,2021-07-1,1,
841,2021-07-15T17%3A26%3A04_rpi_sensor_3_front_1.jpg,2021-07-1,1,
842,2021-07-15T17%3A28%3A04_rpi_sensor_3_front_1.jpg,2021-07-1,1,
843,2021-07-15T17%3A30%3A04_rpi_sensor_3_front_1.jpg,2021-07-1,1,
844,2021-07-15T17%3A32%3A03_rpi_sensor_3_front_1.jpg,2021-07-1,1,
845,2021-07-15T17%3A34%3A04_rpi_sensor_3_front_1.jpg,2021-07-1,1,
846,2021-07-15T17%3A36%3A03_rpi_sensor_3_front_1.jpg,2021-07-1,1,
847,2021-07-15T17%3A38%3A04_rpi_sensor_3_front_1.jpg,2021-07-1,1,
848,2021-07-15T17%3A40%3A04_rpi_sensor_3_front_1.jpg,2021-07-1,1,
849,2021-07-15T17%3A42%3A04_rpi_sensor_3_front_1.jpg,2021-07-1,1,
850,2021-07-15T17%3A44%3A04_rpi_sensor_3_front_1.jpg,2021-07-1,1,
851,2021-07-15T17%3A46%3A04_rpi_sensor_3_front_1.jpg,2021-07-1,1,
852,2021-07-15T17%3A48%3A04_rpi_sensor_3_front_1.jpg,2021-07-1,1,
853,2021-07-15T17%3A50%3A04_rpi_sensor_3_front_1.jpg,2021-07-1,1,
854,2021-07-15T17%3A52%3A04_rpi_sensor_3_front_1.jpg,2021-07-1,1,
855,2021-07-15T17%3A54%3A04_rpi_sensor_3_front_1.jpg,2021-07-1,1,
856,2021-07-15T17%3A56%3A04_rpi_sensor_3_front_1.jpg,2021-07-1,1,
857,2021-07-15T17%3A58%3A04_rpi_sensor_3_front_1.jpg,2021-07-1,1,
858,2021-07-15T18%3A00%3A04_rpi_sensor_3_front_1.jpg,2021-07-1,1,
859,2021-07-15T18%3A02%3A04_rpi_sensor_3_front_1.jpg,2021-07-1,1,
860,2021-07-15T18%3A04%3A04_rpi_sensor_3_front_1.jpg,2021-07-1,1,
861,2021-07-15T18%3A06%3A03_rpi_sensor_3_front_1.jpg,2021-07-1,1,
862,2021-07-15T18%3A08%3A04_rpi_sensor_3_front_1.jpg,2021-07-1,1,
863,2021-07-15T18%3A10%3A04_rpi_sensor_3_front_1.jpg,2021-07-1,1,
864,2021-07-15T18%3A12%3A03_rpi_sensor_3_front_1.jpg,2021-07-1,1,
865,2021-07-15T18%3A14%3A04_rpi_sensor_3_front_1.jpg,2021-07-1,1,
866,2021-07-15T18%3A16%3A04_rpi_sensor_3_front_1.jpg,2021-07-1,1,
867,2021-07-15T18%3A18%3A04_rpi_sensor_3_front_1.jpg,2021-07-1,1,
868,2021-07-15T18%3A20%3A04_rpi_sensor_3_front_1.jpg,2021-07-1,1,
869,2021-07-15T18%3A22%3A04_rpi_sensor_3_front_1.jpg,2021-07-1,1,
870,2021-07-15T18%3A24%3A04_rpi_sensor_3_front_1.jpg,2021-07-1,1,
871,2021-07-15T18%3A26%3A04_rpi_sensor_3_front_1.jpg,2021-07-1,1,
872,2021-07-15T18%3A28%3A04_rpi_sensor_3_front_1.jpg,2021-07-1,1,
873,2021-07-15T18%3A30%3A04_rpi_sensor_3_front_1.jpg,2021-07-1,1,
874,2021-07-15T18%3A32%3A04_rpi_sensor_3_front_1.jpg,2021-07-1,1,
875,2021-07-15T18%3A34%3A04_rpi_sensor_3_front_1.jpg,2021-07-1,1,
876,2021-07-15T18%3A36%3A03_rpi_sensor_3_front_1.jpg,2021-07-1,1,
877,2021-07-15T18%3A38%3A04_rpi_sensor_3_front_1.jpg,2021-07-1,1,
878,2021-07-15T18%3A40%3A03_rpi_sensor_3_front_1.jpg,2021-07-1,1,
879,2021-07-15T18%3A42%3A04_rpi_sensor_3_front_1.jpg,2021-07-1,1,
880,2021-07-15T18%3A44%3A04_rpi_sensor_3_front_1.jpg,2021-07-1,1,
881,2021-07-15T18%3A46%3A04_rpi_sensor_3_front_1.jpg,2021-07-1,1,
882,2021-07-15T18%3A48%3A04_rpi_sensor_3_front_1.jpg,2021-07-1,1,
883,2021-07-15T18%3A50%3A04_rpi_sensor_3_front_1.jpg,2021-07-1,1,
884,2021-07-15T18%3A52%3A04_rpi_sensor_3_front_1.jpg,2021-07-1,1,
885,2021-07-15T18%3A54%3A04_rpi_sensor_3_front_1.jpg,2021-07-1,1,
886,2021-07-15T18%3A56%3A04_rpi_sensor_3_front_1.jpg,2021-07-1,1,
887,2021-07-15T19%3A00%3A04_rpi_sensor_3_front_1.jpg,2021-07-1,1,
888,2021-07-15T19%3A02%3A03_rpi_sensor_3_front_1.jpg,2021-07-1,1,
889,2021-07-15T19%3A14%3A04_rpi_sensor_3_front_1.jpg,2021-07-1,1,
890,2021-07-15T19%3A16%3A04_rpi_sensor_3_front_1.jpg,2021-07-1,1,
891,2021-07-15T19%3A18%3A04_rpi_sensor_3_front_1.jpg,2021-07-1,1,
892,2021-07-15T19%3A20%3A04_rpi_sensor_3_front_1.jpg,2021-07-1,1,
893,2021-07-15T19%3A22%3A04_rpi_sensor_3_front_1.jpg,2021-07-1,1,
894,2021-07-15T19%3A24%3A04_rpi_sensor_3_front_1.jpg,2021-07-1,1,
895,2021-07-15T19%3A26%3A04_rpi_sensor_3_front_1.jpg,2021-07-1,1,
